{"cameraMode":{"drawMode":0,"name":"Shaded","section":"Shading Mode"},"sceneLighting":false,"audioPlay":false,"sceneViewState":{"showFog":true,"showMaterialUpdate":false,"showSkybox":false,"showFlares":true,"showImageEffects":true,"showParticleSystems":true},"in2DMode":false,"pivot":{"x":-0.06890451908111572,"y":4.453774929046631,"z":-0.0688931941986084},"rotation":{"x":-0.28244006633758547,"y":0.45880207419395449,"z":-0.15654133260250092,"w":-0.8277953863143921},"size":2.5010249614715578,"orthographic":false}